Iteration,Value,Solution
1,9,"[0, 0, 1, 0, 0, 0, 0, 0, 0, 0]"
2,15,"[0, 0, 1, 0, 1, 0, 0, 0, 0, 0]"
3,29,"[1, 0, 1, 0, 1, 0, 0, 0, 0, 0]"
4,29,"[1, 0, 1, 0, 1, 0, 0, 0, 0, 0]"
5,44,"[1, 0, 1, 0, 1, 0, 0, 0, 0, 1]"
6,44,"[1, 0, 1, 0, 1, 0, 0, 0, 0, 1]"
7,61,"[1, 0, 1, 1, 0, 0, 0, 0, 0, 1]"
8,84,"[1, 0, 1, 1, 0, 0, 1, 0, 0, 1]"
9,84,"[1, 0, 1, 1, 0, 0, 1, 0, 0, 1]"
10,84,"[1, 0, 1, 1, 0, 0, 1, 0, 0, 1]"
11,84,"[1, 0, 1, 1, 0, 0, 1, 0, 0, 1]"
12,84,"[1, 0, 1, 1, 0, 0, 1, 0, 0, 1]"
13,84,"[1, 0, 1, 1, 0, 0, 1, 0, 0, 1]"
14,84,"[1, 0, 1, 1, 0, 0, 1, 0, 0, 1]"
15,84,"[1, 0, 1, 1, 0, 0, 1, 0, 0, 1]"
16,84,"[1, 0, 1, 1, 0, 0, 1, 0, 0, 1]"
17,84,"[1, 0, 1, 1, 0, 0, 1, 0, 0, 1]"
18,84,"[1, 0, 1, 1, 0, 0, 1, 0, 0, 1]"
19,84,"[1, 0, 1, 1, 0, 0, 1, 0, 0, 1]"
20,84,"[1, 0, 1, 1, 0, 0, 1, 0, 0, 1]"
21,89,"[1, 0, 0, 1, 0, 0, 1, 0, 1, 1]"
22,89,"[1, 0, 0, 1, 0, 0, 1, 0, 1, 1]"
23,89,"[1, 0, 0, 1, 0, 0, 1, 0, 1, 1]"
24,89,"[1, 0, 0, 1, 0, 0, 1, 0, 1, 1]"
25,89,"[1, 0, 0, 1, 0, 0, 1, 0, 1, 1]"
26,89,"[1, 0, 0, 1, 0, 0, 1, 0, 1, 1]"
27,89,"[1, 0, 0, 1, 0, 0, 1, 0, 1, 1]"
28,89,"[1, 0, 0, 1, 0, 0, 1, 0, 1, 1]"
29,89,"[1, 0, 0, 1, 0, 0, 1, 0, 1, 1]"
30,89,"[1, 0, 0, 1, 0, 0, 1, 0, 1, 1]"
31,89,"[1, 0, 0, 1, 0, 0, 1, 0, 1, 1]"
32,89,"[1, 0, 0, 1, 0, 0, 1, 0, 1, 1]"
33,89,"[1, 0, 0, 1, 0, 0, 1, 0, 1, 1]"
34,89,"[1, 0, 0, 1, 0, 0, 1, 0, 1, 1]"
35,89,"[1, 0, 0, 1, 0, 0, 1, 0, 1, 1]"
36,89,"[1, 0, 0, 1, 0, 0, 1, 0, 1, 1]"
37,89,"[1, 0, 0, 1, 0, 0, 1, 0, 1, 1]"
38,89,"[1, 0, 0, 1, 0, 0, 1, 0, 1, 1]"
39,89,"[1, 0, 0, 1, 0, 0, 1, 0, 1, 1]"
40,89,"[1, 0, 0, 1, 0, 0, 1, 0, 1, 1]"
41,89,"[1, 0, 0, 1, 0, 0, 1, 0, 1, 1]"
42,89,"[1, 0, 0, 1, 0, 0, 1, 0, 1, 1]"
43,89,"[1, 0, 0, 1, 0, 0, 1, 0, 1, 1]"
44,89,"[1, 0, 0, 1, 0, 0, 1, 0, 1, 1]"
45,89,"[1, 0, 0, 1, 0, 0, 1, 0, 1, 1]"
46,89,"[1, 0, 0, 1, 0, 0, 1, 0, 1, 1]"
47,89,"[1, 0, 0, 1, 0, 0, 1, 0, 1, 1]"
48,89,"[1, 0, 0, 1, 0, 0, 1, 0, 1, 1]"
49,89,"[1, 0, 0, 1, 0, 0, 1, 0, 1, 1]"
50,89,"[1, 0, 0, 1, 0, 0, 1, 0, 1, 1]"
51,89,"[1, 0, 0, 1, 0, 0, 1, 0, 1, 1]"
52,89,"[1, 0, 0, 1, 0, 0, 1, 0, 1, 1]"
53,89,"[1, 0, 0, 1, 0, 0, 1, 0, 1, 1]"
54,89,"[1, 0, 0, 1, 0, 0, 1, 0, 1, 1]"
55,89,"[1, 0, 0, 1, 0, 0, 1, 0, 1, 1]"
56,89,"[1, 0, 0, 1, 0, 0, 1, 0, 1, 1]"
57,89,"[1, 0, 0, 1, 0, 0, 1, 0, 1, 1]"
58,89,"[1, 0, 0, 1, 0, 0, 1, 0, 1, 1]"
59,89,"[1, 0, 0, 1, 0, 0, 1, 0, 1, 1]"
60,89,"[1, 0, 0, 1, 0, 0, 1, 0, 1, 1]"
61,89,"[1, 0, 0, 1, 0, 0, 1, 0, 1, 1]"
62,89,"[1, 0, 0, 1, 0, 0, 1, 0, 1, 1]"
63,89,"[1, 0, 0, 1, 0, 0, 1, 0, 1, 1]"
64,89,"[1, 0, 0, 1, 0, 0, 1, 0, 1, 1]"
65,89,"[1, 0, 0, 1, 0, 0, 1, 0, 1, 1]"
66,89,"[1, 0, 0, 1, 0, 0, 1, 0, 1, 1]"
67,89,"[1, 0, 0, 1, 0, 0, 1, 0, 1, 1]"
68,89,"[1, 0, 0, 1, 0, 0, 1, 0, 1, 1]"
69,89,"[1, 0, 0, 1, 0, 0, 1, 0, 1, 1]"
70,89,"[1, 0, 0, 1, 0, 0, 1, 0, 1, 1]"
71,89,"[1, 0, 0, 1, 0, 0, 1, 0, 1, 1]"
72,89,"[1, 0, 0, 1, 0, 0, 1, 0, 1, 1]"
73,89,"[1, 0, 0, 1, 0, 0, 1, 0, 1, 1]"
74,89,"[1, 0, 0, 1, 0, 0, 1, 0, 1, 1]"
75,89,"[1, 0, 0, 1, 0, 0, 1, 0, 1, 1]"
76,89,"[1, 0, 0, 1, 0, 0, 1, 0, 1, 1]"
77,89,"[1, 0, 0, 1, 0, 0, 1, 0, 1, 1]"
78,89,"[1, 0, 0, 1, 0, 0, 1, 0, 1, 1]"
79,89,"[1, 0, 0, 1, 0, 0, 1, 0, 1, 1]"
80,89,"[1, 0, 0, 1, 0, 0, 1, 0, 1, 1]"
81,89,"[1, 0, 0, 1, 0, 0, 1, 0, 1, 1]"
82,89,"[1, 0, 0, 1, 0, 0, 1, 0, 1, 1]"
83,89,"[1, 0, 0, 1, 0, 0, 1, 0, 1, 1]"
84,89,"[1, 0, 0, 1, 0, 0, 1, 0, 1, 1]"
85,89,"[1, 0, 0, 1, 0, 0, 1, 0, 1, 1]"
86,89,"[1, 0, 0, 1, 0, 0, 1, 0, 1, 1]"
87,89,"[1, 0, 0, 1, 0, 0, 1, 0, 1, 1]"
88,89,"[1, 0, 0, 1, 0, 0, 1, 0, 1, 1]"
89,89,"[1, 0, 0, 1, 0, 0, 1, 0, 1, 1]"
90,89,"[1, 0, 0, 1, 0, 0, 1, 0, 1, 1]"
91,89,"[1, 0, 0, 1, 0, 0, 1, 0, 1, 1]"
92,89,"[1, 0, 0, 1, 0, 0, 1, 0, 1, 1]"
93,89,"[1, 0, 0, 1, 0, 0, 1, 0, 1, 1]"
94,89,"[1, 0, 0, 1, 0, 0, 1, 0, 1, 1]"
95,89,"[1, 0, 0, 1, 0, 0, 1, 0, 1, 1]"
96,89,"[1, 0, 0, 1, 0, 0, 1, 0, 1, 1]"
97,89,"[1, 0, 0, 1, 0, 0, 1, 0, 1, 1]"
98,89,"[1, 0, 0, 1, 0, 0, 1, 0, 1, 1]"
99,89,"[1, 0, 0, 1, 0, 0, 1, 0, 1, 1]"
100,89,"[1, 0, 0, 1, 0, 0, 1, 0, 1, 1]"
101,89,"[1, 0, 0, 1, 0, 0, 1, 0, 1, 1]"
102,89,"[1, 0, 0, 1, 0, 0, 1, 0, 1, 1]"
103,89,"[1, 0, 0, 1, 0, 0, 1, 0, 1, 1]"
104,89,"[1, 0, 0, 1, 0, 0, 1, 0, 1, 1]"
105,89,"[1, 0, 0, 1, 0, 0, 1, 0, 1, 1]"
106,89,"[1, 0, 0, 1, 0, 0, 1, 0, 1, 1]"
107,89,"[1, 0, 0, 1, 0, 0, 1, 0, 1, 1]"
108,89,"[1, 0, 0, 1, 0, 0, 1, 0, 1, 1]"
109,89,"[1, 0, 0, 1, 0, 0, 1, 0, 1, 1]"
110,89,"[1, 0, 0, 1, 0, 0, 1, 0, 1, 1]"
111,89,"[1, 0, 0, 1, 0, 0, 1, 0, 1, 1]"
112,89,"[1, 0, 0, 1, 0, 0, 1, 0, 1, 1]"
113,89,"[1, 0, 0, 1, 0, 0, 1, 0, 1, 1]"
114,89,"[1, 0, 0, 1, 0, 0, 1, 0, 1, 1]"
115,89,"[1, 0, 0, 1, 0, 0, 1, 0, 1, 1]"
116,89,"[1, 0, 0, 1, 0, 0, 1, 0, 1, 1]"
117,89,"[1, 0, 0, 1, 0, 0, 1, 0, 1, 1]"
118,89,"[1, 0, 0, 1, 0, 0, 1, 0, 1, 1]"
119,89,"[1, 0, 0, 1, 0, 0, 1, 0, 1, 1]"
120,89,"[1, 0, 0, 1, 0, 0, 1, 0, 1, 1]"
121,89,"[1, 0, 0, 1, 0, 0, 1, 0, 1, 1]"
122,89,"[1, 0, 0, 1, 0, 0, 1, 0, 1, 1]"
123,89,"[1, 0, 0, 1, 0, 0, 1, 0, 1, 1]"
124,89,"[1, 0, 0, 1, 0, 0, 1, 0, 1, 1]"
125,89,"[1, 0, 0, 1, 0, 0, 1, 0, 1, 1]"
126,89,"[1, 0, 0, 1, 0, 0, 1, 0, 1, 1]"
127,89,"[1, 0, 0, 1, 0, 0, 1, 0, 1, 1]"
128,89,"[1, 0, 0, 1, 0, 0, 1, 0, 1, 1]"
129,89,"[1, 0, 0, 1, 0, 0, 1, 0, 1, 1]"
130,89,"[1, 0, 0, 1, 0, 0, 1, 0, 1, 1]"
131,89,"[1, 0, 0, 1, 0, 0, 1, 0, 1, 1]"
132,89,"[1, 0, 0, 1, 0, 0, 1, 0, 1, 1]"
133,89,"[1, 0, 0, 1, 0, 0, 1, 0, 1, 1]"
134,89,"[1, 0, 0, 1, 0, 0, 1, 0, 1, 1]"
135,89,"[1, 0, 0, 1, 0, 0, 1, 0, 1, 1]"
136,89,"[1, 0, 0, 1, 0, 0, 1, 0, 1, 1]"
137,89,"[1, 0, 0, 1, 0, 0, 1, 0, 1, 1]"
138,89,"[1, 0, 0, 1, 0, 0, 1, 0, 1, 1]"
139,89,"[1, 0, 0, 1, 0, 0, 1, 0, 1, 1]"
140,89,"[1, 0, 0, 1, 0, 0, 1, 0, 1, 1]"
141,89,"[1, 0, 0, 1, 0, 0, 1, 0, 1, 1]"
142,89,"[1, 0, 0, 1, 0, 0, 1, 0, 1, 1]"
143,89,"[1, 0, 0, 1, 0, 0, 1, 0, 1, 1]"
144,89,"[1, 0, 0, 1, 0, 0, 1, 0, 1, 1]"
145,89,"[1, 0, 0, 1, 0, 0, 1, 0, 1, 1]"
146,89,"[1, 0, 0, 1, 0, 0, 1, 0, 1, 1]"
147,89,"[1, 0, 0, 1, 0, 0, 1, 0, 1, 1]"
148,89,"[1, 0, 0, 1, 0, 0, 1, 0, 1, 1]"
149,89,"[1, 0, 0, 1, 0, 0, 1, 0, 1, 1]"
150,89,"[1, 0, 0, 1, 0, 0, 1, 0, 1, 1]"
151,89,"[1, 0, 0, 1, 0, 0, 1, 0, 1, 1]"
152,89,"[1, 0, 0, 1, 0, 0, 1, 0, 1, 1]"
153,89,"[1, 0, 0, 1, 0, 0, 1, 0, 1, 1]"
154,89,"[1, 0, 0, 1, 0, 0, 1, 0, 1, 1]"
155,89,"[1, 0, 0, 1, 0, 0, 1, 0, 1, 1]"
156,89,"[1, 0, 0, 1, 0, 0, 1, 0, 1, 1]"
157,89,"[1, 0, 0, 1, 0, 0, 1, 0, 1, 1]"
158,89,"[1, 0, 0, 1, 0, 0, 1, 0, 1, 1]"
159,89,"[1, 0, 0, 1, 0, 0, 1, 0, 1, 1]"
160,89,"[1, 0, 0, 1, 0, 0, 1, 0, 1, 1]"
161,89,"[1, 0, 0, 1, 0, 0, 1, 0, 1, 1]"
162,89,"[1, 0, 0, 1, 0, 0, 1, 0, 1, 1]"
163,89,"[1, 0, 0, 1, 0, 0, 1, 0, 1, 1]"
164,89,"[1, 0, 0, 1, 0, 0, 1, 0, 1, 1]"
165,89,"[1, 0, 0, 1, 0, 0, 1, 0, 1, 1]"
166,89,"[1, 0, 0, 1, 0, 0, 1, 0, 1, 1]"
167,89,"[1, 0, 0, 1, 0, 0, 1, 0, 1, 1]"
168,89,"[1, 0, 0, 1, 0, 0, 1, 0, 1, 1]"
169,89,"[1, 0, 0, 1, 0, 0, 1, 0, 1, 1]"
170,89,"[1, 0, 0, 1, 0, 0, 1, 0, 1, 1]"
171,89,"[1, 0, 0, 1, 0, 0, 1, 0, 1, 1]"
172,89,"[1, 0, 0, 1, 0, 0, 1, 0, 1, 1]"
173,89,"[1, 0, 0, 1, 0, 0, 1, 0, 1, 1]"
174,89,"[1, 0, 0, 1, 0, 0, 1, 0, 1, 1]"
175,89,"[1, 0, 0, 1, 0, 0, 1, 0, 1, 1]"
176,89,"[1, 0, 0, 1, 0, 0, 1, 0, 1, 1]"
177,89,"[1, 0, 0, 1, 0, 0, 1, 0, 1, 1]"
178,89,"[1, 0, 0, 1, 0, 0, 1, 0, 1, 1]"
179,89,"[1, 0, 0, 1, 0, 0, 1, 0, 1, 1]"
180,89,"[1, 0, 0, 1, 0, 0, 1, 0, 1, 1]"
181,89,"[1, 0, 0, 1, 0, 0, 1, 0, 1, 1]"
182,89,"[1, 0, 0, 1, 0, 0, 1, 0, 1, 1]"
183,89,"[1, 0, 0, 1, 0, 0, 1, 0, 1, 1]"
184,89,"[1, 0, 0, 1, 0, 0, 1, 0, 1, 1]"
185,89,"[1, 0, 0, 1, 0, 0, 1, 0, 1, 1]"
186,89,"[1, 0, 0, 1, 0, 0, 1, 0, 1, 1]"
187,89,"[1, 0, 0, 1, 0, 0, 1, 0, 1, 1]"
188,89,"[1, 0, 0, 1, 0, 0, 1, 0, 1, 1]"
189,89,"[1, 0, 0, 1, 0, 0, 1, 0, 1, 1]"
190,89,"[1, 0, 0, 1, 0, 0, 1, 0, 1, 1]"
191,89,"[1, 0, 0, 1, 0, 0, 1, 0, 1, 1]"
192,89,"[1, 0, 0, 1, 0, 0, 1, 0, 1, 1]"
193,89,"[1, 0, 0, 1, 0, 0, 1, 0, 1, 1]"
194,89,"[1, 0, 0, 1, 0, 0, 1, 0, 1, 1]"
195,89,"[1, 0, 0, 1, 0, 0, 1, 0, 1, 1]"
196,89,"[1, 0, 0, 1, 0, 0, 1, 0, 1, 1]"
197,89,"[1, 0, 0, 1, 0, 0, 1, 0, 1, 1]"
198,89,"[1, 0, 0, 1, 0, 0, 1, 0, 1, 1]"
199,89,"[1, 0, 0, 1, 0, 0, 1, 0, 1, 1]"
200,89,"[1, 0, 0, 1, 0, 0, 1, 0, 1, 1]"
201,89,"[1, 0, 0, 1, 0, 0, 1, 0, 1, 1]"
202,89,"[1, 0, 0, 1, 0, 0, 1, 0, 1, 1]"
203,89,"[1, 0, 0, 1, 0, 0, 1, 0, 1, 1]"
204,89,"[1, 0, 0, 1, 0, 0, 1, 0, 1, 1]"
205,89,"[1, 0, 0, 1, 0, 0, 1, 0, 1, 1]"
206,89,"[1, 0, 0, 1, 0, 0, 1, 0, 1, 1]"
207,89,"[1, 0, 0, 1, 0, 0, 1, 0, 1, 1]"
208,89,"[1, 0, 0, 1, 0, 0, 1, 0, 1, 1]"
209,89,"[1, 0, 0, 1, 0, 0, 1, 0, 1, 1]"
210,89,"[1, 0, 0, 1, 0, 0, 1, 0, 1, 1]"
211,89,"[1, 0, 0, 1, 0, 0, 1, 0, 1, 1]"
212,89,"[1, 0, 0, 1, 0, 0, 1, 0, 1, 1]"
213,89,"[1, 0, 0, 1, 0, 0, 1, 0, 1, 1]"
214,89,"[1, 0, 0, 1, 0, 0, 1, 0, 1, 1]"
215,89,"[1, 0, 0, 1, 0, 0, 1, 0, 1, 1]"
216,89,"[1, 0, 0, 1, 0, 0, 1, 0, 1, 1]"
217,89,"[1, 0, 0, 1, 0, 0, 1, 0, 1, 1]"
218,89,"[1, 0, 0, 1, 0, 0, 1, 0, 1, 1]"
219,89,"[1, 0, 0, 1, 0, 0, 1, 0, 1, 1]"
220,89,"[1, 0, 0, 1, 0, 0, 1, 0, 1, 1]"
221,89,"[1, 0, 0, 1, 0, 0, 1, 0, 1, 1]"
222,89,"[1, 0, 0, 1, 0, 0, 1, 0, 1, 1]"
223,89,"[1, 0, 0, 1, 0, 0, 1, 0, 1, 1]"
224,89,"[1, 0, 0, 1, 0, 0, 1, 0, 1, 1]"
225,89,"[1, 0, 0, 1, 0, 0, 1, 0, 1, 1]"
226,89,"[1, 0, 0, 1, 0, 0, 1, 0, 1, 1]"
227,89,"[1, 0, 0, 1, 0, 0, 1, 0, 1, 1]"
228,89,"[1, 0, 0, 1, 0, 0, 1, 0, 1, 1]"
229,89,"[1, 0, 0, 1, 0, 0, 1, 0, 1, 1]"
230,89,"[1, 0, 0, 1, 0, 0, 1, 0, 1, 1]"
231,89,"[1, 0, 0, 1, 0, 0, 1, 0, 1, 1]"
232,89,"[1, 0, 0, 1, 0, 0, 1, 0, 1, 1]"
233,89,"[1, 0, 0, 1, 0, 0, 1, 0, 1, 1]"
234,89,"[1, 0, 0, 1, 0, 0, 1, 0, 1, 1]"
235,89,"[1, 0, 0, 1, 0, 0, 1, 0, 1, 1]"
236,89,"[1, 0, 0, 1, 0, 0, 1, 0, 1, 1]"
237,89,"[1, 0, 0, 1, 0, 0, 1, 0, 1, 1]"
238,89,"[1, 0, 0, 1, 0, 0, 1, 0, 1, 1]"
239,89,"[1, 0, 0, 1, 0, 0, 1, 0, 1, 1]"
240,89,"[1, 0, 0, 1, 0, 0, 1, 0, 1, 1]"
241,89,"[1, 0, 0, 1, 0, 0, 1, 0, 1, 1]"
242,89,"[1, 0, 0, 1, 0, 0, 1, 0, 1, 1]"
243,89,"[1, 0, 0, 1, 0, 0, 1, 0, 1, 1]"
244,89,"[1, 0, 0, 1, 0, 0, 1, 0, 1, 1]"
245,89,"[1, 0, 0, 1, 0, 0, 1, 0, 1, 1]"
246,89,"[1, 0, 0, 1, 0, 0, 1, 0, 1, 1]"
247,89,"[1, 0, 0, 1, 0, 0, 1, 0, 1, 1]"
248,89,"[1, 0, 0, 1, 0, 0, 1, 0, 1, 1]"
249,89,"[1, 0, 0, 1, 0, 0, 1, 0, 1, 1]"
250,89,"[1, 0, 0, 1, 0, 0, 1, 0, 1, 1]"
251,89,"[1, 0, 0, 1, 0, 0, 1, 0, 1, 1]"
252,89,"[1, 0, 0, 1, 0, 0, 1, 0, 1, 1]"
253,89,"[1, 0, 0, 1, 0, 0, 1, 0, 1, 1]"
254,89,"[1, 0, 0, 1, 0, 0, 1, 0, 1, 1]"
255,89,"[1, 0, 0, 1, 0, 0, 1, 0, 1, 1]"
256,89,"[1, 0, 0, 1, 0, 0, 1, 0, 1, 1]"
257,89,"[1, 0, 0, 1, 0, 0, 1, 0, 1, 1]"
258,89,"[1, 0, 0, 1, 0, 0, 1, 0, 1, 1]"
259,89,"[1, 0, 0, 1, 0, 0, 1, 0, 1, 1]"
260,89,"[1, 0, 0, 1, 0, 0, 1, 0, 1, 1]"
261,89,"[1, 0, 0, 1, 0, 0, 1, 0, 1, 1]"
262,89,"[1, 0, 0, 1, 0, 0, 1, 0, 1, 1]"
263,89,"[1, 0, 0, 1, 0, 0, 1, 0, 1, 1]"
264,89,"[1, 0, 0, 1, 0, 0, 1, 0, 1, 1]"
265,89,"[1, 0, 0, 1, 0, 0, 1, 0, 1, 1]"
266,89,"[1, 0, 0, 1, 0, 0, 1, 0, 1, 1]"
267,89,"[1, 0, 0, 1, 0, 0, 1, 0, 1, 1]"
268,89,"[1, 0, 0, 1, 0, 0, 1, 0, 1, 1]"
269,89,"[1, 0, 0, 1, 0, 0, 1, 0, 1, 1]"
270,89,"[1, 0, 0, 1, 0, 0, 1, 0, 1, 1]"
271,89,"[1, 0, 0, 1, 0, 0, 1, 0, 1, 1]"
272,89,"[1, 0, 0, 1, 0, 0, 1, 0, 1, 1]"
273,89,"[1, 0, 0, 1, 0, 0, 1, 0, 1, 1]"
274,89,"[1, 0, 0, 1, 0, 0, 1, 0, 1, 1]"
275,89,"[1, 0, 0, 1, 0, 0, 1, 0, 1, 1]"
276,89,"[1, 0, 0, 1, 0, 0, 1, 0, 1, 1]"
277,89,"[1, 0, 0, 1, 0, 0, 1, 0, 1, 1]"
278,89,"[1, 0, 0, 1, 0, 0, 1, 0, 1, 1]"
279,89,"[1, 0, 0, 1, 0, 0, 1, 0, 1, 1]"
280,89,"[1, 0, 0, 1, 0, 0, 1, 0, 1, 1]"
281,89,"[1, 0, 0, 1, 0, 0, 1, 0, 1, 1]"
282,89,"[1, 0, 0, 1, 0, 0, 1, 0, 1, 1]"
283,89,"[1, 0, 0, 1, 0, 0, 1, 0, 1, 1]"
284,89,"[1, 0, 0, 1, 0, 0, 1, 0, 1, 1]"
285,89,"[1, 0, 0, 1, 0, 0, 1, 0, 1, 1]"
286,89,"[1, 0, 0, 1, 0, 0, 1, 0, 1, 1]"
287,89,"[1, 0, 0, 1, 0, 0, 1, 0, 1, 1]"
288,89,"[1, 0, 0, 1, 0, 0, 1, 0, 1, 1]"
289,89,"[1, 0, 0, 1, 0, 0, 1, 0, 1, 1]"
290,89,"[1, 0, 0, 1, 0, 0, 1, 0, 1, 1]"
291,89,"[1, 0, 0, 1, 0, 0, 1, 0, 1, 1]"
292,89,"[1, 0, 0, 1, 0, 0, 1, 0, 1, 1]"
293,89,"[1, 0, 0, 1, 0, 0, 1, 0, 1, 1]"
294,89,"[1, 0, 0, 1, 0, 0, 1, 0, 1, 1]"
295,89,"[1, 0, 0, 1, 0, 0, 1, 0, 1, 1]"
296,89,"[1, 0, 0, 1, 0, 0, 1, 0, 1, 1]"
297,89,"[1, 0, 0, 1, 0, 0, 1, 0, 1, 1]"
298,89,"[1, 0, 0, 1, 0, 0, 1, 0, 1, 1]"
299,89,"[1, 0, 0, 1, 0, 0, 1, 0, 1, 1]"
300,89,"[1, 0, 0, 1, 0, 0, 1, 0, 1, 1]"
301,89,"[1, 0, 0, 1, 0, 0, 1, 0, 1, 1]"
302,89,"[1, 0, 0, 1, 0, 0, 1, 0, 1, 1]"
303,89,"[1, 0, 0, 1, 0, 0, 1, 0, 1, 1]"
304,89,"[1, 0, 0, 1, 0, 0, 1, 0, 1, 1]"
305,89,"[1, 0, 0, 1, 0, 0, 1, 0, 1, 1]"
306,89,"[1, 0, 0, 1, 0, 0, 1, 0, 1, 1]"
307,89,"[1, 0, 0, 1, 0, 0, 1, 0, 1, 1]"
308,89,"[1, 0, 0, 1, 0, 0, 1, 0, 1, 1]"
309,89,"[1, 0, 0, 1, 0, 0, 1, 0, 1, 1]"
310,89,"[1, 0, 0, 1, 0, 0, 1, 0, 1, 1]"
311,89,"[1, 0, 0, 1, 0, 0, 1, 0, 1, 1]"
312,89,"[1, 0, 0, 1, 0, 0, 1, 0, 1, 1]"
313,89,"[1, 0, 0, 1, 0, 0, 1, 0, 1, 1]"
314,89,"[1, 0, 0, 1, 0, 0, 1, 0, 1, 1]"
315,89,"[1, 0, 0, 1, 0, 0, 1, 0, 1, 1]"
316,89,"[1, 0, 0, 1, 0, 0, 1, 0, 1, 1]"
317,89,"[1, 0, 0, 1, 0, 0, 1, 0, 1, 1]"
318,89,"[1, 0, 0, 1, 0, 0, 1, 0, 1, 1]"
319,89,"[1, 0, 0, 1, 0, 0, 1, 0, 1, 1]"
320,89,"[1, 0, 0, 1, 0, 0, 1, 0, 1, 1]"
321,89,"[1, 0, 0, 1, 0, 0, 1, 0, 1, 1]"
322,89,"[1, 0, 0, 1, 0, 0, 1, 0, 1, 1]"
323,89,"[1, 0, 0, 1, 0, 0, 1, 0, 1, 1]"
324,89,"[1, 0, 0, 1, 0, 0, 1, 0, 1, 1]"
325,89,"[1, 0, 0, 1, 0, 0, 1, 0, 1, 1]"
326,89,"[1, 0, 0, 1, 0, 0, 1, 0, 1, 1]"
327,89,"[1, 0, 0, 1, 0, 0, 1, 0, 1, 1]"
328,89,"[1, 0, 0, 1, 0, 0, 1, 0, 1, 1]"
329,89,"[1, 0, 0, 1, 0, 0, 1, 0, 1, 1]"
330,89,"[1, 0, 0, 1, 0, 0, 1, 0, 1, 1]"
331,89,"[1, 0, 0, 1, 0, 0, 1, 0, 1, 1]"
332,89,"[1, 0, 0, 1, 0, 0, 1, 0, 1, 1]"
333,89,"[1, 0, 0, 1, 0, 0, 1, 0, 1, 1]"
334,89,"[1, 0, 0, 1, 0, 0, 1, 0, 1, 1]"
335,89,"[1, 0, 0, 1, 0, 0, 1, 0, 1, 1]"
336,89,"[1, 0, 0, 1, 0, 0, 1, 0, 1, 1]"
337,89,"[1, 0, 0, 1, 0, 0, 1, 0, 1, 1]"
338,89,"[1, 0, 0, 1, 0, 0, 1, 0, 1, 1]"
339,89,"[1, 0, 0, 1, 0, 0, 1, 0, 1, 1]"
340,89,"[1, 0, 0, 1, 0, 0, 1, 0, 1, 1]"
341,89,"[1, 0, 0, 1, 0, 0, 1, 0, 1, 1]"
342,89,"[1, 0, 0, 1, 0, 0, 1, 0, 1, 1]"
343,89,"[1, 0, 0, 1, 0, 0, 1, 0, 1, 1]"
344,89,"[1, 0, 0, 1, 0, 0, 1, 0, 1, 1]"
345,89,"[1, 0, 0, 1, 0, 0, 1, 0, 1, 1]"
346,89,"[1, 0, 0, 1, 0, 0, 1, 0, 1, 1]"
347,89,"[1, 0, 0, 1, 0, 0, 1, 0, 1, 1]"
348,89,"[1, 0, 0, 1, 0, 0, 1, 0, 1, 1]"
349,89,"[1, 0, 0, 1, 0, 0, 1, 0, 1, 1]"
350,89,"[1, 0, 0, 1, 0, 0, 1, 0, 1, 1]"
351,89,"[1, 0, 0, 1, 0, 0, 1, 0, 1, 1]"
352,89,"[1, 0, 0, 1, 0, 0, 1, 0, 1, 1]"
353,89,"[1, 0, 0, 1, 0, 0, 1, 0, 1, 1]"
354,89,"[1, 0, 0, 1, 0, 0, 1, 0, 1, 1]"
355,89,"[1, 0, 0, 1, 0, 0, 1, 0, 1, 1]"
356,89,"[1, 0, 0, 1, 0, 0, 1, 0, 1, 1]"
357,89,"[1, 0, 0, 1, 0, 0, 1, 0, 1, 1]"
358,89,"[1, 0, 0, 1, 0, 0, 1, 0, 1, 1]"
359,89,"[1, 0, 0, 1, 0, 0, 1, 0, 1, 1]"
360,89,"[1, 0, 0, 1, 0, 0, 1, 0, 1, 1]"
361,89,"[1, 0, 0, 1, 0, 0, 1, 0, 1, 1]"
362,89,"[1, 0, 0, 1, 0, 0, 1, 0, 1, 1]"
363,89,"[1, 0, 0, 1, 0, 0, 1, 0, 1, 1]"
364,89,"[1, 0, 0, 1, 0, 0, 1, 0, 1, 1]"
365,89,"[1, 0, 0, 1, 0, 0, 1, 0, 1, 1]"
366,89,"[1, 0, 0, 1, 0, 0, 1, 0, 1, 1]"
367,89,"[1, 0, 0, 1, 0, 0, 1, 0, 1, 1]"
368,89,"[1, 0, 0, 1, 0, 0, 1, 0, 1, 1]"
369,89,"[1, 0, 0, 1, 0, 0, 1, 0, 1, 1]"
370,89,"[1, 0, 0, 1, 0, 0, 1, 0, 1, 1]"
371,89,"[1, 0, 0, 1, 0, 0, 1, 0, 1, 1]"
372,89,"[1, 0, 0, 1, 0, 0, 1, 0, 1, 1]"
373,89,"[1, 0, 0, 1, 0, 0, 1, 0, 1, 1]"
374,89,"[1, 0, 0, 1, 0, 0, 1, 0, 1, 1]"
375,89,"[1, 0, 0, 1, 0, 0, 1, 0, 1, 1]"
376,89,"[1, 0, 0, 1, 0, 0, 1, 0, 1, 1]"
377,89,"[1, 0, 0, 1, 0, 0, 1, 0, 1, 1]"
378,89,"[1, 0, 0, 1, 0, 0, 1, 0, 1, 1]"
379,89,"[1, 0, 0, 1, 0, 0, 1, 0, 1, 1]"
380,89,"[1, 0, 0, 1, 0, 0, 1, 0, 1, 1]"
381,89,"[1, 0, 0, 1, 0, 0, 1, 0, 1, 1]"
382,89,"[1, 0, 0, 1, 0, 0, 1, 0, 1, 1]"
383,89,"[1, 0, 0, 1, 0, 0, 1, 0, 1, 1]"
384,89,"[1, 0, 0, 1, 0, 0, 1, 0, 1, 1]"
385,89,"[1, 0, 0, 1, 0, 0, 1, 0, 1, 1]"
386,89,"[1, 0, 0, 1, 0, 0, 1, 0, 1, 1]"
387,89,"[1, 0, 0, 1, 0, 0, 1, 0, 1, 1]"
388,89,"[1, 0, 0, 1, 0, 0, 1, 0, 1, 1]"
389,89,"[1, 0, 0, 1, 0, 0, 1, 0, 1, 1]"
390,89,"[1, 0, 0, 1, 0, 0, 1, 0, 1, 1]"
391,89,"[1, 0, 0, 1, 0, 0, 1, 0, 1, 1]"
392,89,"[1, 0, 0, 1, 0, 0, 1, 0, 1, 1]"
393,89,"[1, 0, 0, 1, 0, 0, 1, 0, 1, 1]"
394,89,"[1, 0, 0, 1, 0, 0, 1, 0, 1, 1]"
395,89,"[1, 0, 0, 1, 0, 0, 1, 0, 1, 1]"
396,89,"[1, 0, 0, 1, 0, 0, 1, 0, 1, 1]"
397,89,"[1, 0, 0, 1, 0, 0, 1, 0, 1, 1]"
398,89,"[1, 0, 0, 1, 0, 0, 1, 0, 1, 1]"
399,89,"[1, 0, 0, 1, 0, 0, 1, 0, 1, 1]"
400,89,"[1, 0, 0, 1, 0, 0, 1, 0, 1, 1]"
401,89,"[1, 0, 0, 1, 0, 0, 1, 0, 1, 1]"
402,89,"[1, 0, 0, 1, 0, 0, 1, 0, 1, 1]"
403,89,"[1, 0, 0, 1, 0, 0, 1, 0, 1, 1]"
404,89,"[1, 0, 0, 1, 0, 0, 1, 0, 1, 1]"
405,89,"[1, 0, 0, 1, 0, 0, 1, 0, 1, 1]"
406,89,"[1, 0, 0, 1, 0, 0, 1, 0, 1, 1]"
407,89,"[1, 0, 0, 1, 0, 0, 1, 0, 1, 1]"
408,89,"[1, 0, 0, 1, 0, 0, 1, 0, 1, 1]"
409,89,"[1, 0, 0, 1, 0, 0, 1, 0, 1, 1]"
410,89,"[1, 0, 0, 1, 0, 0, 1, 0, 1, 1]"
411,89,"[1, 0, 0, 1, 0, 0, 1, 0, 1, 1]"
412,89,"[1, 0, 0, 1, 0, 0, 1, 0, 1, 1]"
413,89,"[1, 0, 0, 1, 0, 0, 1, 0, 1, 1]"
414,89,"[1, 0, 0, 1, 0, 0, 1, 0, 1, 1]"
415,89,"[1, 0, 0, 1, 0, 0, 1, 0, 1, 1]"
416,89,"[1, 0, 0, 1, 0, 0, 1, 0, 1, 1]"
417,89,"[1, 0, 0, 1, 0, 0, 1, 0, 1, 1]"
418,89,"[1, 0, 0, 1, 0, 0, 1, 0, 1, 1]"
419,89,"[1, 0, 0, 1, 0, 0, 1, 0, 1, 1]"
420,89,"[1, 0, 0, 1, 0, 0, 1, 0, 1, 1]"
421,89,"[1, 0, 0, 1, 0, 0, 1, 0, 1, 1]"
422,89,"[1, 0, 0, 1, 0, 0, 1, 0, 1, 1]"
423,89,"[1, 0, 0, 1, 0, 0, 1, 0, 1, 1]"
424,89,"[1, 0, 0, 1, 0, 0, 1, 0, 1, 1]"
425,89,"[1, 0, 0, 1, 0, 0, 1, 0, 1, 1]"
426,89,"[1, 0, 0, 1, 0, 0, 1, 0, 1, 1]"
427,89,"[1, 0, 0, 1, 0, 0, 1, 0, 1, 1]"
428,89,"[1, 0, 0, 1, 0, 0, 1, 0, 1, 1]"
429,89,"[1, 0, 0, 1, 0, 0, 1, 0, 1, 1]"
430,89,"[1, 0, 0, 1, 0, 0, 1, 0, 1, 1]"
431,89,"[1, 0, 0, 1, 0, 0, 1, 0, 1, 1]"
432,89,"[1, 0, 0, 1, 0, 0, 1, 0, 1, 1]"
433,89,"[1, 0, 0, 1, 0, 0, 1, 0, 1, 1]"
434,89,"[1, 0, 0, 1, 0, 0, 1, 0, 1, 1]"
435,89,"[1, 0, 0, 1, 0, 0, 1, 0, 1, 1]"
436,89,"[1, 0, 0, 1, 0, 0, 1, 0, 1, 1]"
437,89,"[1, 0, 0, 1, 0, 0, 1, 0, 1, 1]"
438,89,"[1, 0, 0, 1, 0, 0, 1, 0, 1, 1]"
439,89,"[1, 0, 0, 1, 0, 0, 1, 0, 1, 1]"
440,89,"[1, 0, 0, 1, 0, 0, 1, 0, 1, 1]"
441,89,"[1, 0, 0, 1, 0, 0, 1, 0, 1, 1]"
442,89,"[1, 0, 0, 1, 0, 0, 1, 0, 1, 1]"
443,89,"[1, 0, 0, 1, 0, 0, 1, 0, 1, 1]"
444,89,"[1, 0, 0, 1, 0, 0, 1, 0, 1, 1]"
445,89,"[1, 0, 0, 1, 0, 0, 1, 0, 1, 1]"
446,89,"[1, 0, 0, 1, 0, 0, 1, 0, 1, 1]"
447,89,"[1, 0, 0, 1, 0, 0, 1, 0, 1, 1]"
448,89,"[1, 0, 0, 1, 0, 0, 1, 0, 1, 1]"
449,89,"[1, 0, 0, 1, 0, 0, 1, 0, 1, 1]"
450,89,"[1, 0, 0, 1, 0, 0, 1, 0, 1, 1]"
451,89,"[1, 0, 0, 1, 0, 0, 1, 0, 1, 1]"
452,89,"[1, 0, 0, 1, 0, 0, 1, 0, 1, 1]"
453,89,"[1, 0, 0, 1, 0, 0, 1, 0, 1, 1]"
454,89,"[1, 0, 0, 1, 0, 0, 1, 0, 1, 1]"
455,89,"[1, 0, 0, 1, 0, 0, 1, 0, 1, 1]"
456,89,"[1, 0, 0, 1, 0, 0, 1, 0, 1, 1]"
457,89,"[1, 0, 0, 1, 0, 0, 1, 0, 1, 1]"
458,89,"[1, 0, 0, 1, 0, 0, 1, 0, 1, 1]"
459,89,"[1, 0, 0, 1, 0, 0, 1, 0, 1, 1]"
460,89,"[1, 0, 0, 1, 0, 0, 1, 0, 1, 1]"
461,89,"[1, 0, 0, 1, 0, 0, 1, 0, 1, 1]"
462,89,"[1, 0, 0, 1, 0, 0, 1, 0, 1, 1]"
463,89,"[1, 0, 0, 1, 0, 0, 1, 0, 1, 1]"
464,89,"[1, 0, 0, 1, 0, 0, 1, 0, 1, 1]"
465,89,"[1, 0, 0, 1, 0, 0, 1, 0, 1, 1]"
466,89,"[1, 0, 0, 1, 0, 0, 1, 0, 1, 1]"
467,89,"[1, 0, 0, 1, 0, 0, 1, 0, 1, 1]"
468,89,"[1, 0, 0, 1, 0, 0, 1, 0, 1, 1]"
469,89,"[1, 0, 0, 1, 0, 0, 1, 0, 1, 1]"
470,89,"[1, 0, 0, 1, 0, 0, 1, 0, 1, 1]"
471,89,"[1, 0, 0, 1, 0, 0, 1, 0, 1, 1]"
472,89,"[1, 0, 0, 1, 0, 0, 1, 0, 1, 1]"
473,89,"[1, 0, 0, 1, 0, 0, 1, 0, 1, 1]"
474,89,"[1, 0, 0, 1, 0, 0, 1, 0, 1, 1]"
475,89,"[1, 0, 0, 1, 0, 0, 1, 0, 1, 1]"
476,89,"[1, 0, 0, 1, 0, 0, 1, 0, 1, 1]"
477,89,"[1, 0, 0, 1, 0, 0, 1, 0, 1, 1]"
478,89,"[1, 0, 0, 1, 0, 0, 1, 0, 1, 1]"
479,89,"[1, 0, 0, 1, 0, 0, 1, 0, 1, 1]"
480,89,"[1, 0, 0, 1, 0, 0, 1, 0, 1, 1]"
481,89,"[1, 0, 0, 1, 0, 0, 1, 0, 1, 1]"
482,89,"[1, 0, 0, 1, 0, 0, 1, 0, 1, 1]"
483,89,"[1, 0, 0, 1, 0, 0, 1, 0, 1, 1]"
484,89,"[1, 0, 0, 1, 0, 0, 1, 0, 1, 1]"
485,89,"[1, 0, 0, 1, 0, 0, 1, 0, 1, 1]"
486,89,"[1, 0, 0, 1, 0, 0, 1, 0, 1, 1]"
487,89,"[1, 0, 0, 1, 0, 0, 1, 0, 1, 1]"
488,89,"[1, 0, 0, 1, 0, 0, 1, 0, 1, 1]"
489,89,"[1, 0, 0, 1, 0, 0, 1, 0, 1, 1]"
490,89,"[1, 0, 0, 1, 0, 0, 1, 0, 1, 1]"
491,89,"[1, 0, 0, 1, 0, 0, 1, 0, 1, 1]"
492,89,"[1, 0, 0, 1, 0, 0, 1, 0, 1, 1]"
493,89,"[1, 0, 0, 1, 0, 0, 1, 0, 1, 1]"
494,89,"[1, 0, 0, 1, 0, 0, 1, 0, 1, 1]"
495,89,"[1, 0, 0, 1, 0, 0, 1, 0, 1, 1]"
496,89,"[1, 0, 0, 1, 0, 0, 1, 0, 1, 1]"
497,89,"[1, 0, 0, 1, 0, 0, 1, 0, 1, 1]"
498,89,"[1, 0, 0, 1, 0, 0, 1, 0, 1, 1]"
499,89,"[1, 0, 0, 1, 0, 0, 1, 0, 1, 1]"
500,89,"[1, 0, 0, 1, 0, 0, 1, 0, 1, 1]"
501,89,"[1, 0, 0, 1, 0, 0, 1, 0, 1, 1]"
502,89,"[1, 0, 0, 1, 0, 0, 1, 0, 1, 1]"
503,89,"[1, 0, 0, 1, 0, 0, 1, 0, 1, 1]"
504,89,"[1, 0, 0, 1, 0, 0, 1, 0, 1, 1]"
505,89,"[1, 0, 0, 1, 0, 0, 1, 0, 1, 1]"
506,89,"[1, 0, 0, 1, 0, 0, 1, 0, 1, 1]"
507,89,"[1, 0, 0, 1, 0, 0, 1, 0, 1, 1]"
508,89,"[1, 0, 0, 1, 0, 0, 1, 0, 1, 1]"
509,89,"[1, 0, 0, 1, 0, 0, 1, 0, 1, 1]"
510,89,"[1, 0, 0, 1, 0, 0, 1, 0, 1, 1]"
511,89,"[1, 0, 0, 1, 0, 0, 1, 0, 1, 1]"
512,89,"[1, 0, 0, 1, 0, 0, 1, 0, 1, 1]"
513,89,"[1, 0, 0, 1, 0, 0, 1, 0, 1, 1]"
514,89,"[1, 0, 0, 1, 0, 0, 1, 0, 1, 1]"
515,89,"[1, 0, 0, 1, 0, 0, 1, 0, 1, 1]"
516,89,"[1, 0, 0, 1, 0, 0, 1, 0, 1, 1]"
517,89,"[1, 0, 0, 1, 0, 0, 1, 0, 1, 1]"
518,89,"[1, 0, 0, 1, 0, 0, 1, 0, 1, 1]"
519,89,"[1, 0, 0, 1, 0, 0, 1, 0, 1, 1]"
520,89,"[1, 0, 0, 1, 0, 0, 1, 0, 1, 1]"
521,89,"[1, 0, 0, 1, 0, 0, 1, 0, 1, 1]"
522,89,"[1, 0, 0, 1, 0, 0, 1, 0, 1, 1]"
523,89,"[1, 0, 0, 1, 0, 0, 1, 0, 1, 1]"
524,89,"[1, 0, 0, 1, 0, 0, 1, 0, 1, 1]"
525,89,"[1, 0, 0, 1, 0, 0, 1, 0, 1, 1]"
526,89,"[1, 0, 0, 1, 0, 0, 1, 0, 1, 1]"
527,89,"[1, 0, 0, 1, 0, 0, 1, 0, 1, 1]"
528,89,"[1, 0, 0, 1, 0, 0, 1, 0, 1, 1]"
529,89,"[1, 0, 0, 1, 0, 0, 1, 0, 1, 1]"
530,89,"[1, 0, 0, 1, 0, 0, 1, 0, 1, 1]"
531,89,"[1, 0, 0, 1, 0, 0, 1, 0, 1, 1]"
532,89,"[1, 0, 0, 1, 0, 0, 1, 0, 1, 1]"
533,89,"[1, 0, 0, 1, 0, 0, 1, 0, 1, 1]"
534,89,"[1, 0, 0, 1, 0, 0, 1, 0, 1, 1]"
535,89,"[1, 0, 0, 1, 0, 0, 1, 0, 1, 1]"
536,89,"[1, 0, 0, 1, 0, 0, 1, 0, 1, 1]"
537,89,"[1, 0, 0, 1, 0, 0, 1, 0, 1, 1]"
538,89,"[1, 0, 0, 1, 0, 0, 1, 0, 1, 1]"
539,89,"[1, 0, 0, 1, 0, 0, 1, 0, 1, 1]"
540,89,"[1, 0, 0, 1, 0, 0, 1, 0, 1, 1]"
541,89,"[1, 0, 0, 1, 0, 0, 1, 0, 1, 1]"
542,89,"[1, 0, 0, 1, 0, 0, 1, 0, 1, 1]"
543,89,"[1, 0, 0, 1, 0, 0, 1, 0, 1, 1]"
544,89,"[1, 0, 0, 1, 0, 0, 1, 0, 1, 1]"
545,89,"[1, 0, 0, 1, 0, 0, 1, 0, 1, 1]"
546,89,"[1, 0, 0, 1, 0, 0, 1, 0, 1, 1]"
547,89,"[1, 0, 0, 1, 0, 0, 1, 0, 1, 1]"
548,89,"[1, 0, 0, 1, 0, 0, 1, 0, 1, 1]"
549,89,"[1, 0, 0, 1, 0, 0, 1, 0, 1, 1]"
550,89,"[1, 0, 0, 1, 0, 0, 1, 0, 1, 1]"
551,89,"[1, 0, 0, 1, 0, 0, 1, 0, 1, 1]"
552,89,"[1, 0, 0, 1, 0, 0, 1, 0, 1, 1]"
553,89,"[1, 0, 0, 1, 0, 0, 1, 0, 1, 1]"
554,89,"[1, 0, 0, 1, 0, 0, 1, 0, 1, 1]"
555,89,"[1, 0, 0, 1, 0, 0, 1, 0, 1, 1]"
556,89,"[1, 0, 0, 1, 0, 0, 1, 0, 1, 1]"
557,89,"[1, 0, 0, 1, 0, 0, 1, 0, 1, 1]"
558,89,"[1, 0, 0, 1, 0, 0, 1, 0, 1, 1]"
559,89,"[1, 0, 0, 1, 0, 0, 1, 0, 1, 1]"
560,89,"[1, 0, 0, 1, 0, 0, 1, 0, 1, 1]"
561,89,"[1, 0, 0, 1, 0, 0, 1, 0, 1, 1]"
562,89,"[1, 0, 0, 1, 0, 0, 1, 0, 1, 1]"
563,89,"[1, 0, 0, 1, 0, 0, 1, 0, 1, 1]"
564,89,"[1, 0, 0, 1, 0, 0, 1, 0, 1, 1]"
565,89,"[1, 0, 0, 1, 0, 0, 1, 0, 1, 1]"
566,89,"[1, 0, 0, 1, 0, 0, 1, 0, 1, 1]"
567,89,"[1, 0, 0, 1, 0, 0, 1, 0, 1, 1]"
568,89,"[1, 0, 0, 1, 0, 0, 1, 0, 1, 1]"
569,89,"[1, 0, 0, 1, 0, 0, 1, 0, 1, 1]"
570,89,"[1, 0, 0, 1, 0, 0, 1, 0, 1, 1]"
571,89,"[1, 0, 0, 1, 0, 0, 1, 0, 1, 1]"
572,89,"[1, 0, 0, 1, 0, 0, 1, 0, 1, 1]"
573,89,"[1, 0, 0, 1, 0, 0, 1, 0, 1, 1]"
574,89,"[1, 0, 0, 1, 0, 0, 1, 0, 1, 1]"
575,89,"[1, 0, 0, 1, 0, 0, 1, 0, 1, 1]"
576,89,"[1, 0, 0, 1, 0, 0, 1, 0, 1, 1]"
577,89,"[1, 0, 0, 1, 0, 0, 1, 0, 1, 1]"
578,89,"[1, 0, 0, 1, 0, 0, 1, 0, 1, 1]"
579,89,"[1, 0, 0, 1, 0, 0, 1, 0, 1, 1]"
580,89,"[1, 0, 0, 1, 0, 0, 1, 0, 1, 1]"
581,89,"[1, 0, 0, 1, 0, 0, 1, 0, 1, 1]"
582,89,"[1, 0, 0, 1, 0, 0, 1, 0, 1, 1]"
583,89,"[1, 0, 0, 1, 0, 0, 1, 0, 1, 1]"
584,89,"[1, 0, 0, 1, 0, 0, 1, 0, 1, 1]"
585,89,"[1, 0, 0, 1, 0, 0, 1, 0, 1, 1]"
586,89,"[1, 0, 0, 1, 0, 0, 1, 0, 1, 1]"
587,89,"[1, 0, 0, 1, 0, 0, 1, 0, 1, 1]"
588,89,"[1, 0, 0, 1, 0, 0, 1, 0, 1, 1]"
589,89,"[1, 0, 0, 1, 0, 0, 1, 0, 1, 1]"
590,89,"[1, 0, 0, 1, 0, 0, 1, 0, 1, 1]"
591,89,"[1, 0, 0, 1, 0, 0, 1, 0, 1, 1]"
592,89,"[1, 0, 0, 1, 0, 0, 1, 0, 1, 1]"
593,89,"[1, 0, 0, 1, 0, 0, 1, 0, 1, 1]"
594,89,"[1, 0, 0, 1, 0, 0, 1, 0, 1, 1]"
595,89,"[1, 0, 0, 1, 0, 0, 1, 0, 1, 1]"
596,89,"[1, 0, 0, 1, 0, 0, 1, 0, 1, 1]"
597,89,"[1, 0, 0, 1, 0, 0, 1, 0, 1, 1]"
598,89,"[1, 0, 0, 1, 0, 0, 1, 0, 1, 1]"
599,89,"[1, 0, 0, 1, 0, 0, 1, 0, 1, 1]"
600,89,"[1, 0, 0, 1, 0, 0, 1, 0, 1, 1]"
601,89,"[1, 0, 0, 1, 0, 0, 1, 0, 1, 1]"
602,89,"[1, 0, 0, 1, 0, 0, 1, 0, 1, 1]"
603,89,"[1, 0, 0, 1, 0, 0, 1, 0, 1, 1]"
604,89,"[1, 0, 0, 1, 0, 0, 1, 0, 1, 1]"
605,89,"[1, 0, 0, 1, 0, 0, 1, 0, 1, 1]"
606,89,"[1, 0, 0, 1, 0, 0, 1, 0, 1, 1]"
607,89,"[1, 0, 0, 1, 0, 0, 1, 0, 1, 1]"
608,89,"[1, 0, 0, 1, 0, 0, 1, 0, 1, 1]"
609,89,"[1, 0, 0, 1, 0, 0, 1, 0, 1, 1]"
610,89,"[1, 0, 0, 1, 0, 0, 1, 0, 1, 1]"
611,89,"[1, 0, 0, 1, 0, 0, 1, 0, 1, 1]"
612,89,"[1, 0, 0, 1, 0, 0, 1, 0, 1, 1]"
613,89,"[1, 0, 0, 1, 0, 0, 1, 0, 1, 1]"
614,89,"[1, 0, 0, 1, 0, 0, 1, 0, 1, 1]"
615,89,"[1, 0, 0, 1, 0, 0, 1, 0, 1, 1]"
616,89,"[1, 0, 0, 1, 0, 0, 1, 0, 1, 1]"
617,89,"[1, 0, 0, 1, 0, 0, 1, 0, 1, 1]"
618,89,"[1, 0, 0, 1, 0, 0, 1, 0, 1, 1]"
619,89,"[1, 0, 0, 1, 0, 0, 1, 0, 1, 1]"
620,89,"[1, 0, 0, 1, 0, 0, 1, 0, 1, 1]"
621,89,"[1, 0, 0, 1, 0, 0, 1, 0, 1, 1]"
622,89,"[1, 0, 0, 1, 0, 0, 1, 0, 1, 1]"
623,89,"[1, 0, 0, 1, 0, 0, 1, 0, 1, 1]"
624,89,"[1, 0, 0, 1, 0, 0, 1, 0, 1, 1]"
625,89,"[1, 0, 0, 1, 0, 0, 1, 0, 1, 1]"
626,89,"[1, 0, 0, 1, 0, 0, 1, 0, 1, 1]"
627,89,"[1, 0, 0, 1, 0, 0, 1, 0, 1, 1]"
628,89,"[1, 0, 0, 1, 0, 0, 1, 0, 1, 1]"
629,89,"[1, 0, 0, 1, 0, 0, 1, 0, 1, 1]"
630,89,"[1, 0, 0, 1, 0, 0, 1, 0, 1, 1]"
631,89,"[1, 0, 0, 1, 0, 0, 1, 0, 1, 1]"
632,89,"[1, 0, 0, 1, 0, 0, 1, 0, 1, 1]"
633,89,"[1, 0, 0, 1, 0, 0, 1, 0, 1, 1]"
634,89,"[1, 0, 0, 1, 0, 0, 1, 0, 1, 1]"
635,89,"[1, 0, 0, 1, 0, 0, 1, 0, 1, 1]"
636,89,"[1, 0, 0, 1, 0, 0, 1, 0, 1, 1]"
637,89,"[1, 0, 0, 1, 0, 0, 1, 0, 1, 1]"
638,89,"[1, 0, 0, 1, 0, 0, 1, 0, 1, 1]"
639,89,"[1, 0, 0, 1, 0, 0, 1, 0, 1, 1]"
640,89,"[1, 0, 0, 1, 0, 0, 1, 0, 1, 1]"
641,89,"[1, 0, 0, 1, 0, 0, 1, 0, 1, 1]"
642,89,"[1, 0, 0, 1, 0, 0, 1, 0, 1, 1]"
643,89,"[1, 0, 0, 1, 0, 0, 1, 0, 1, 1]"
644,89,"[1, 0, 0, 1, 0, 0, 1, 0, 1, 1]"
645,89,"[1, 0, 0, 1, 0, 0, 1, 0, 1, 1]"
646,89,"[1, 0, 0, 1, 0, 0, 1, 0, 1, 1]"
647,89,"[1, 0, 0, 1, 0, 0, 1, 0, 1, 1]"
648,89,"[1, 0, 0, 1, 0, 0, 1, 0, 1, 1]"
649,89,"[1, 0, 0, 1, 0, 0, 1, 0, 1, 1]"
650,89,"[1, 0, 0, 1, 0, 0, 1, 0, 1, 1]"
651,89,"[1, 0, 0, 1, 0, 0, 1, 0, 1, 1]"
652,89,"[1, 0, 0, 1, 0, 0, 1, 0, 1, 1]"
653,89,"[1, 0, 0, 1, 0, 0, 1, 0, 1, 1]"
654,89,"[1, 0, 0, 1, 0, 0, 1, 0, 1, 1]"
655,89,"[1, 0, 0, 1, 0, 0, 1, 0, 1, 1]"
656,89,"[1, 0, 0, 1, 0, 0, 1, 0, 1, 1]"
657,95,"[1, 0, 0, 1, 0, 1, 1, 0, 0, 1]"
658,95,"[1, 0, 0, 1, 0, 1, 1, 0, 0, 1]"
659,95,"[1, 0, 0, 1, 0, 1, 1, 0, 0, 1]"
660,95,"[1, 0, 0, 1, 0, 1, 1, 0, 0, 1]"
661,95,"[1, 0, 0, 1, 0, 1, 1, 0, 0, 1]"
662,95,"[1, 0, 0, 1, 0, 1, 1, 0, 0, 1]"
663,95,"[1, 0, 0, 1, 0, 1, 1, 0, 0, 1]"
664,95,"[1, 0, 0, 1, 0, 1, 1, 0, 0, 1]"
665,95,"[1, 0, 0, 1, 0, 1, 1, 0, 0, 1]"
666,95,"[1, 0, 0, 1, 0, 1, 1, 0, 0, 1]"
667,95,"[1, 0, 0, 1, 0, 1, 1, 0, 0, 1]"
668,95,"[1, 0, 0, 1, 0, 1, 1, 0, 0, 1]"
669,95,"[1, 0, 0, 1, 0, 1, 1, 0, 0, 1]"
670,95,"[1, 0, 0, 1, 0, 1, 1, 0, 0, 1]"
671,95,"[1, 0, 0, 1, 0, 1, 1, 0, 0, 1]"
672,95,"[1, 0, 0, 1, 0, 1, 1, 0, 0, 1]"
673,95,"[1, 0, 0, 1, 0, 1, 1, 0, 0, 1]"
674,95,"[1, 0, 0, 1, 0, 1, 1, 0, 0, 1]"
675,95,"[1, 0, 0, 1, 0, 1, 1, 0, 0, 1]"
676,95,"[1, 0, 0, 1, 0, 1, 1, 0, 0, 1]"
677,95,"[1, 0, 0, 1, 0, 1, 1, 0, 0, 1]"
678,95,"[1, 0, 0, 1, 0, 1, 1, 0, 0, 1]"
679,95,"[1, 0, 0, 1, 0, 1, 1, 0, 0, 1]"
680,95,"[1, 0, 0, 1, 0, 1, 1, 0, 0, 1]"
681,95,"[1, 0, 0, 1, 0, 1, 1, 0, 0, 1]"
682,95,"[1, 0, 0, 1, 0, 1, 1, 0, 0, 1]"
683,95,"[1, 0, 0, 1, 0, 1, 1, 0, 0, 1]"
684,95,"[1, 0, 0, 1, 0, 1, 1, 0, 0, 1]"
685,95,"[1, 0, 0, 1, 0, 1, 1, 0, 0, 1]"
686,95,"[1, 0, 0, 1, 0, 1, 1, 0, 0, 1]"
687,95,"[1, 0, 0, 1, 0, 1, 1, 0, 0, 1]"
688,95,"[1, 0, 0, 1, 0, 1, 1, 0, 0, 1]"
689,95,"[1, 0, 0, 1, 0, 1, 1, 0, 0, 1]"
690,95,"[1, 0, 0, 1, 0, 1, 1, 0, 0, 1]"
691,95,"[1, 0, 0, 1, 0, 1, 1, 0, 0, 1]"
692,95,"[1, 0, 0, 1, 0, 1, 1, 0, 0, 1]"
693,95,"[1, 0, 0, 1, 0, 1, 1, 0, 0, 1]"
694,95,"[1, 0, 0, 1, 0, 1, 1, 0, 0, 1]"
695,95,"[1, 0, 0, 1, 0, 1, 1, 0, 0, 1]"
696,95,"[1, 0, 0, 1, 0, 1, 1, 0, 0, 1]"
697,95,"[1, 0, 0, 1, 0, 1, 1, 0, 0, 1]"
698,95,"[1, 0, 0, 1, 0, 1, 1, 0, 0, 1]"
699,95,"[1, 0, 0, 1, 0, 1, 1, 0, 0, 1]"
700,95,"[1, 0, 0, 1, 0, 1, 1, 0, 0, 1]"
701,95,"[1, 0, 0, 1, 0, 1, 1, 0, 0, 1]"
702,95,"[1, 0, 0, 1, 0, 1, 1, 0, 0, 1]"
703,95,"[1, 0, 0, 1, 0, 1, 1, 0, 0, 1]"
704,95,"[1, 0, 0, 1, 0, 1, 1, 0, 0, 1]"
705,95,"[1, 0, 0, 1, 0, 1, 1, 0, 0, 1]"
706,95,"[1, 0, 0, 1, 0, 1, 1, 0, 0, 1]"
707,95,"[1, 0, 0, 1, 0, 1, 1, 0, 0, 1]"
708,95,"[1, 0, 0, 1, 0, 1, 1, 0, 0, 1]"
709,95,"[1, 0, 0, 1, 0, 1, 1, 0, 0, 1]"
710,95,"[1, 0, 0, 1, 0, 1, 1, 0, 0, 1]"
711,95,"[1, 0, 0, 1, 0, 1, 1, 0, 0, 1]"
712,95,"[1, 0, 0, 1, 0, 1, 1, 0, 0, 1]"
713,95,"[1, 0, 0, 1, 0, 1, 1, 0, 0, 1]"
714,95,"[1, 0, 0, 1, 0, 1, 1, 0, 0, 1]"
715,95,"[1, 0, 0, 1, 0, 1, 1, 0, 0, 1]"
716,95,"[1, 0, 0, 1, 0, 1, 1, 0, 0, 1]"
717,95,"[1, 0, 0, 1, 0, 1, 1, 0, 0, 1]"
718,95,"[1, 0, 0, 1, 0, 1, 1, 0, 0, 1]"
719,95,"[1, 0, 0, 1, 0, 1, 1, 0, 0, 1]"
720,95,"[1, 0, 0, 1, 0, 1, 1, 0, 0, 1]"
721,95,"[1, 0, 0, 1, 0, 1, 1, 0, 0, 1]"
722,95,"[1, 0, 0, 1, 0, 1, 1, 0, 0, 1]"
723,95,"[1, 0, 0, 1, 0, 1, 1, 0, 0, 1]"
724,95,"[1, 0, 0, 1, 0, 1, 1, 0, 0, 1]"
725,95,"[1, 0, 0, 1, 0, 1, 1, 0, 0, 1]"
726,95,"[1, 0, 0, 1, 0, 1, 1, 0, 0, 1]"
727,95,"[1, 0, 0, 1, 0, 1, 1, 0, 0, 1]"
728,95,"[1, 0, 0, 1, 0, 1, 1, 0, 0, 1]"
729,95,"[1, 0, 0, 1, 0, 1, 1, 0, 0, 1]"
730,95,"[1, 0, 0, 1, 0, 1, 1, 0, 0, 1]"
731,95,"[1, 0, 0, 1, 0, 1, 1, 0, 0, 1]"
732,95,"[1, 0, 0, 1, 0, 1, 1, 0, 0, 1]"
733,95,"[1, 0, 0, 1, 0, 1, 1, 0, 0, 1]"
734,95,"[1, 0, 0, 1, 0, 1, 1, 0, 0, 1]"
735,95,"[1, 0, 0, 1, 0, 1, 1, 0, 0, 1]"
736,95,"[1, 0, 0, 1, 0, 1, 1, 0, 0, 1]"
737,95,"[1, 0, 0, 1, 0, 1, 1, 0, 0, 1]"
738,95,"[1, 0, 0, 1, 0, 1, 1, 0, 0, 1]"
739,95,"[1, 0, 0, 1, 0, 1, 1, 0, 0, 1]"
740,95,"[1, 0, 0, 1, 0, 1, 1, 0, 0, 1]"
741,95,"[1, 0, 0, 1, 0, 1, 1, 0, 0, 1]"
742,95,"[1, 0, 0, 1, 0, 1, 1, 0, 0, 1]"
743,95,"[1, 0, 0, 1, 0, 1, 1, 0, 0, 1]"
744,95,"[1, 0, 0, 1, 0, 1, 1, 0, 0, 1]"
745,95,"[1, 0, 0, 1, 0, 1, 1, 0, 0, 1]"
746,95,"[1, 0, 0, 1, 0, 1, 1, 0, 0, 1]"
747,95,"[1, 0, 0, 1, 0, 1, 1, 0, 0, 1]"
748,95,"[1, 0, 0, 1, 0, 1, 1, 0, 0, 1]"
749,95,"[1, 0, 0, 1, 0, 1, 1, 0, 0, 1]"
750,95,"[1, 0, 0, 1, 0, 1, 1, 0, 0, 1]"
751,95,"[1, 0, 0, 1, 0, 1, 1, 0, 0, 1]"
752,95,"[1, 0, 0, 1, 0, 1, 1, 0, 0, 1]"
753,95,"[1, 0, 0, 1, 0, 1, 1, 0, 0, 1]"
754,95,"[1, 0, 0, 1, 0, 1, 1, 0, 0, 1]"
755,95,"[1, 0, 0, 1, 0, 1, 1, 0, 0, 1]"
756,95,"[1, 0, 0, 1, 0, 1, 1, 0, 0, 1]"
757,95,"[1, 0, 0, 1, 0, 1, 1, 0, 0, 1]"
758,95,"[1, 0, 0, 1, 0, 1, 1, 0, 0, 1]"
759,95,"[1, 0, 0, 1, 0, 1, 1, 0, 0, 1]"
760,95,"[1, 0, 0, 1, 0, 1, 1, 0, 0, 1]"
761,95,"[1, 0, 0, 1, 0, 1, 1, 0, 0, 1]"
762,95,"[1, 0, 0, 1, 0, 1, 1, 0, 0, 1]"
763,95,"[1, 0, 0, 1, 0, 1, 1, 0, 0, 1]"
764,95,"[1, 0, 0, 1, 0, 1, 1, 0, 0, 1]"
765,95,"[1, 0, 0, 1, 0, 1, 1, 0, 0, 1]"
766,95,"[1, 0, 0, 1, 0, 1, 1, 0, 0, 1]"
767,95,"[1, 0, 0, 1, 0, 1, 1, 0, 0, 1]"
768,95,"[1, 0, 0, 1, 0, 1, 1, 0, 0, 1]"
769,95,"[1, 0, 0, 1, 0, 1, 1, 0, 0, 1]"
770,95,"[1, 0, 0, 1, 0, 1, 1, 0, 0, 1]"
771,95,"[1, 0, 0, 1, 0, 1, 1, 0, 0, 1]"
772,95,"[1, 0, 0, 1, 0, 1, 1, 0, 0, 1]"
773,95,"[1, 0, 0, 1, 0, 1, 1, 0, 0, 1]"
774,95,"[1, 0, 0, 1, 0, 1, 1, 0, 0, 1]"
775,95,"[1, 0, 0, 1, 0, 1, 1, 0, 0, 1]"
776,95,"[1, 0, 0, 1, 0, 1, 1, 0, 0, 1]"
777,95,"[1, 0, 0, 1, 0, 1, 1, 0, 0, 1]"
778,95,"[1, 0, 0, 1, 0, 1, 1, 0, 0, 1]"
779,95,"[1, 0, 0, 1, 0, 1, 1, 0, 0, 1]"
780,95,"[1, 0, 0, 1, 0, 1, 1, 0, 0, 1]"
781,95,"[1, 0, 0, 1, 0, 1, 1, 0, 0, 1]"
782,95,"[1, 0, 0, 1, 0, 1, 1, 0, 0, 1]"
783,95,"[1, 0, 0, 1, 0, 1, 1, 0, 0, 1]"
784,95,"[1, 0, 0, 1, 0, 1, 1, 0, 0, 1]"
785,95,"[1, 0, 0, 1, 0, 1, 1, 0, 0, 1]"
786,95,"[1, 0, 0, 1, 0, 1, 1, 0, 0, 1]"
787,95,"[1, 0, 0, 1, 0, 1, 1, 0, 0, 1]"
788,95,"[1, 0, 0, 1, 0, 1, 1, 0, 0, 1]"
789,95,"[1, 0, 0, 1, 0, 1, 1, 0, 0, 1]"
790,95,"[1, 0, 0, 1, 0, 1, 1, 0, 0, 1]"
791,95,"[1, 0, 0, 1, 0, 1, 1, 0, 0, 1]"
792,95,"[1, 0, 0, 1, 0, 1, 1, 0, 0, 1]"
793,95,"[1, 0, 0, 1, 0, 1, 1, 0, 0, 1]"
794,95,"[1, 0, 0, 1, 0, 1, 1, 0, 0, 1]"
795,95,"[1, 0, 0, 1, 0, 1, 1, 0, 0, 1]"
796,95,"[1, 0, 0, 1, 0, 1, 1, 0, 0, 1]"
797,95,"[1, 0, 0, 1, 0, 1, 1, 0, 0, 1]"
798,95,"[1, 0, 0, 1, 0, 1, 1, 0, 0, 1]"
799,95,"[1, 0, 0, 1, 0, 1, 1, 0, 0, 1]"
800,95,"[1, 0, 0, 1, 0, 1, 1, 0, 0, 1]"
801,95,"[1, 0, 0, 1, 0, 1, 1, 0, 0, 1]"
802,95,"[1, 0, 0, 1, 0, 1, 1, 0, 0, 1]"
803,95,"[1, 0, 0, 1, 0, 1, 1, 0, 0, 1]"
804,95,"[1, 0, 0, 1, 0, 1, 1, 0, 0, 1]"
805,95,"[1, 0, 0, 1, 0, 1, 1, 0, 0, 1]"
806,95,"[1, 0, 0, 1, 0, 1, 1, 0, 0, 1]"
807,95,"[1, 0, 0, 1, 0, 1, 1, 0, 0, 1]"
808,95,"[1, 0, 0, 1, 0, 1, 1, 0, 0, 1]"
809,95,"[1, 0, 0, 1, 0, 1, 1, 0, 0, 1]"
810,95,"[1, 0, 0, 1, 0, 1, 1, 0, 0, 1]"
811,95,"[1, 0, 0, 1, 0, 1, 1, 0, 0, 1]"
812,95,"[1, 0, 0, 1, 0, 1, 1, 0, 0, 1]"
813,95,"[1, 0, 0, 1, 0, 1, 1, 0, 0, 1]"
814,95,"[1, 0, 0, 1, 0, 1, 1, 0, 0, 1]"
815,95,"[1, 0, 0, 1, 0, 1, 1, 0, 0, 1]"
816,95,"[1, 0, 0, 1, 0, 1, 1, 0, 0, 1]"
817,95,"[1, 0, 0, 1, 0, 1, 1, 0, 0, 1]"
818,95,"[1, 0, 0, 1, 0, 1, 1, 0, 0, 1]"
819,95,"[1, 0, 0, 1, 0, 1, 1, 0, 0, 1]"
820,95,"[1, 0, 0, 1, 0, 1, 1, 0, 0, 1]"
821,95,"[1, 0, 0, 1, 0, 1, 1, 0, 0, 1]"
822,95,"[1, 0, 0, 1, 0, 1, 1, 0, 0, 1]"
823,95,"[1, 0, 0, 1, 0, 1, 1, 0, 0, 1]"
824,95,"[1, 0, 0, 1, 0, 1, 1, 0, 0, 1]"
825,95,"[1, 0, 0, 1, 0, 1, 1, 0, 0, 1]"
826,95,"[1, 0, 0, 1, 0, 1, 1, 0, 0, 1]"
827,95,"[1, 0, 0, 1, 0, 1, 1, 0, 0, 1]"
828,95,"[1, 0, 0, 1, 0, 1, 1, 0, 0, 1]"
829,95,"[1, 0, 0, 1, 0, 1, 1, 0, 0, 1]"
830,95,"[1, 0, 0, 1, 0, 1, 1, 0, 0, 1]"
831,95,"[1, 0, 0, 1, 0, 1, 1, 0, 0, 1]"
832,95,"[1, 0, 0, 1, 0, 1, 1, 0, 0, 1]"
833,95,"[1, 0, 0, 1, 0, 1, 1, 0, 0, 1]"
834,95,"[1, 0, 0, 1, 0, 1, 1, 0, 0, 1]"
835,95,"[1, 0, 0, 1, 0, 1, 1, 0, 0, 1]"
836,95,"[1, 0, 0, 1, 0, 1, 1, 0, 0, 1]"
837,95,"[1, 0, 0, 1, 0, 1, 1, 0, 0, 1]"
838,95,"[1, 0, 0, 1, 0, 1, 1, 0, 0, 1]"
839,95,"[1, 0, 0, 1, 0, 1, 1, 0, 0, 1]"
840,95,"[1, 0, 0, 1, 0, 1, 1, 0, 0, 1]"
841,95,"[1, 0, 0, 1, 0, 1, 1, 0, 0, 1]"
842,95,"[1, 0, 0, 1, 0, 1, 1, 0, 0, 1]"
843,95,"[1, 0, 0, 1, 0, 1, 1, 0, 0, 1]"
844,95,"[1, 0, 0, 1, 0, 1, 1, 0, 0, 1]"
845,95,"[1, 0, 0, 1, 0, 1, 1, 0, 0, 1]"
846,95,"[1, 0, 0, 1, 0, 1, 1, 0, 0, 1]"
847,95,"[1, 0, 0, 1, 0, 1, 1, 0, 0, 1]"
848,95,"[1, 0, 0, 1, 0, 1, 1, 0, 0, 1]"
849,95,"[1, 0, 0, 1, 0, 1, 1, 0, 0, 1]"
850,95,"[1, 0, 0, 1, 0, 1, 1, 0, 0, 1]"
851,95,"[1, 0, 0, 1, 0, 1, 1, 0, 0, 1]"
852,95,"[1, 0, 0, 1, 0, 1, 1, 0, 0, 1]"
853,95,"[1, 0, 0, 1, 0, 1, 1, 0, 0, 1]"
854,95,"[1, 0, 0, 1, 0, 1, 1, 0, 0, 1]"
855,95,"[1, 0, 0, 1, 0, 1, 1, 0, 0, 1]"
856,95,"[1, 0, 0, 1, 0, 1, 1, 0, 0, 1]"
857,95,"[1, 0, 0, 1, 0, 1, 1, 0, 0, 1]"
858,95,"[1, 0, 0, 1, 0, 1, 1, 0, 0, 1]"
859,95,"[1, 0, 0, 1, 0, 1, 1, 0, 0, 1]"
860,95,"[1, 0, 0, 1, 0, 1, 1, 0, 0, 1]"
861,95,"[1, 0, 0, 1, 0, 1, 1, 0, 0, 1]"
862,95,"[1, 0, 0, 1, 0, 1, 1, 0, 0, 1]"
863,95,"[1, 0, 0, 1, 0, 1, 1, 0, 0, 1]"
864,95,"[1, 0, 0, 1, 0, 1, 1, 0, 0, 1]"
865,95,"[1, 0, 0, 1, 0, 1, 1, 0, 0, 1]"
866,95,"[1, 0, 0, 1, 0, 1, 1, 0, 0, 1]"
867,95,"[1, 0, 0, 1, 0, 1, 1, 0, 0, 1]"
868,95,"[1, 0, 0, 1, 0, 1, 1, 0, 0, 1]"
869,95,"[1, 0, 0, 1, 0, 1, 1, 0, 0, 1]"
870,95,"[1, 0, 0, 1, 0, 1, 1, 0, 0, 1]"
871,95,"[1, 0, 0, 1, 0, 1, 1, 0, 0, 1]"
872,95,"[1, 0, 0, 1, 0, 1, 1, 0, 0, 1]"
873,95,"[1, 0, 0, 1, 0, 1, 1, 0, 0, 1]"
874,95,"[1, 0, 0, 1, 0, 1, 1, 0, 0, 1]"
875,95,"[1, 0, 0, 1, 0, 1, 1, 0, 0, 1]"
876,95,"[1, 0, 0, 1, 0, 1, 1, 0, 0, 1]"
877,95,"[1, 0, 0, 1, 0, 1, 1, 0, 0, 1]"
878,95,"[1, 0, 0, 1, 0, 1, 1, 0, 0, 1]"
879,95,"[1, 0, 0, 1, 0, 1, 1, 0, 0, 1]"
880,95,"[1, 0, 0, 1, 0, 1, 1, 0, 0, 1]"
881,95,"[1, 0, 0, 1, 0, 1, 1, 0, 0, 1]"
882,95,"[1, 0, 0, 1, 0, 1, 1, 0, 0, 1]"
883,95,"[1, 0, 0, 1, 0, 1, 1, 0, 0, 1]"
884,95,"[1, 0, 0, 1, 0, 1, 1, 0, 0, 1]"
885,95,"[1, 0, 0, 1, 0, 1, 1, 0, 0, 1]"
886,95,"[1, 0, 0, 1, 0, 1, 1, 0, 0, 1]"
887,95,"[1, 0, 0, 1, 0, 1, 1, 0, 0, 1]"
888,95,"[1, 0, 0, 1, 0, 1, 1, 0, 0, 1]"
889,95,"[1, 0, 0, 1, 0, 1, 1, 0, 0, 1]"
890,95,"[1, 0, 0, 1, 0, 1, 1, 0, 0, 1]"
891,95,"[1, 0, 0, 1, 0, 1, 1, 0, 0, 1]"
892,95,"[1, 0, 0, 1, 0, 1, 1, 0, 0, 1]"
893,95,"[1, 0, 0, 1, 0, 1, 1, 0, 0, 1]"
894,95,"[1, 0, 0, 1, 0, 1, 1, 0, 0, 1]"
895,95,"[1, 0, 0, 1, 0, 1, 1, 0, 0, 1]"
896,95,"[1, 0, 0, 1, 0, 1, 1, 0, 0, 1]"
897,95,"[1, 0, 0, 1, 0, 1, 1, 0, 0, 1]"
898,95,"[1, 0, 0, 1, 0, 1, 1, 0, 0, 1]"
899,95,"[1, 0, 0, 1, 0, 1, 1, 0, 0, 1]"
900,95,"[1, 0, 0, 1, 0, 1, 1, 0, 0, 1]"
901,95,"[1, 0, 0, 1, 0, 1, 1, 0, 0, 1]"
902,95,"[1, 0, 0, 1, 0, 1, 1, 0, 0, 1]"
903,95,"[1, 0, 0, 1, 0, 1, 1, 0, 0, 1]"
904,95,"[1, 0, 0, 1, 0, 1, 1, 0, 0, 1]"
905,95,"[1, 0, 0, 1, 0, 1, 1, 0, 0, 1]"
906,95,"[1, 0, 0, 1, 0, 1, 1, 0, 0, 1]"
907,95,"[1, 0, 0, 1, 0, 1, 1, 0, 0, 1]"
908,95,"[1, 0, 0, 1, 0, 1, 1, 0, 0, 1]"
909,95,"[1, 0, 0, 1, 0, 1, 1, 0, 0, 1]"
910,95,"[1, 0, 0, 1, 0, 1, 1, 0, 0, 1]"
911,95,"[1, 0, 0, 1, 0, 1, 1, 0, 0, 1]"
912,95,"[1, 0, 0, 1, 0, 1, 1, 0, 0, 1]"
913,95,"[1, 0, 0, 1, 0, 1, 1, 0, 0, 1]"
914,95,"[1, 0, 0, 1, 0, 1, 1, 0, 0, 1]"
915,95,"[1, 0, 0, 1, 0, 1, 1, 0, 0, 1]"
916,95,"[1, 0, 0, 1, 0, 1, 1, 0, 0, 1]"
917,95,"[1, 0, 0, 1, 0, 1, 1, 0, 0, 1]"
918,95,"[1, 0, 0, 1, 0, 1, 1, 0, 0, 1]"
919,95,"[1, 0, 0, 1, 0, 1, 1, 0, 0, 1]"
920,95,"[1, 0, 0, 1, 0, 1, 1, 0, 0, 1]"
921,95,"[1, 0, 0, 1, 0, 1, 1, 0, 0, 1]"
922,95,"[1, 0, 0, 1, 0, 1, 1, 0, 0, 1]"
923,95,"[1, 0, 0, 1, 0, 1, 1, 0, 0, 1]"
924,95,"[1, 0, 0, 1, 0, 1, 1, 0, 0, 1]"
925,95,"[1, 0, 0, 1, 0, 1, 1, 0, 0, 1]"
926,95,"[1, 0, 0, 1, 0, 1, 1, 0, 0, 1]"
927,95,"[1, 0, 0, 1, 0, 1, 1, 0, 0, 1]"
928,95,"[1, 0, 0, 1, 0, 1, 1, 0, 0, 1]"
929,95,"[1, 0, 0, 1, 0, 1, 1, 0, 0, 1]"
930,95,"[1, 0, 0, 1, 0, 1, 1, 0, 0, 1]"
931,95,"[1, 0, 0, 1, 0, 1, 1, 0, 0, 1]"
932,95,"[1, 0, 0, 1, 0, 1, 1, 0, 0, 1]"
933,95,"[1, 0, 0, 1, 0, 1, 1, 0, 0, 1]"
934,95,"[1, 0, 0, 1, 0, 1, 1, 0, 0, 1]"
935,95,"[1, 0, 0, 1, 0, 1, 1, 0, 0, 1]"
936,95,"[1, 0, 0, 1, 0, 1, 1, 0, 0, 1]"
937,95,"[1, 0, 0, 1, 0, 1, 1, 0, 0, 1]"
938,95,"[1, 0, 0, 1, 0, 1, 1, 0, 0, 1]"
939,95,"[1, 0, 0, 1, 0, 1, 1, 0, 0, 1]"
940,95,"[1, 0, 0, 1, 0, 1, 1, 0, 0, 1]"
941,95,"[1, 0, 0, 1, 0, 1, 1, 0, 0, 1]"
942,95,"[1, 0, 0, 1, 0, 1, 1, 0, 0, 1]"
943,95,"[1, 0, 0, 1, 0, 1, 1, 0, 0, 1]"
944,95,"[1, 0, 0, 1, 0, 1, 1, 0, 0, 1]"
945,95,"[1, 0, 0, 1, 0, 1, 1, 0, 0, 1]"
946,95,"[1, 0, 0, 1, 0, 1, 1, 0, 0, 1]"
947,95,"[1, 0, 0, 1, 0, 1, 1, 0, 0, 1]"
948,95,"[1, 0, 0, 1, 0, 1, 1, 0, 0, 1]"
949,95,"[1, 0, 0, 1, 0, 1, 1, 0, 0, 1]"
950,95,"[1, 0, 0, 1, 0, 1, 1, 0, 0, 1]"
951,95,"[1, 0, 0, 1, 0, 1, 1, 0, 0, 1]"
952,95,"[1, 0, 0, 1, 0, 1, 1, 0, 0, 1]"
953,95,"[1, 0, 0, 1, 0, 1, 1, 0, 0, 1]"
954,95,"[1, 0, 0, 1, 0, 1, 1, 0, 0, 1]"
955,95,"[1, 0, 0, 1, 0, 1, 1, 0, 0, 1]"
956,95,"[1, 0, 0, 1, 0, 1, 1, 0, 0, 1]"
957,95,"[1, 0, 0, 1, 0, 1, 1, 0, 0, 1]"
958,95,"[1, 0, 0, 1, 0, 1, 1, 0, 0, 1]"
959,95,"[1, 0, 0, 1, 0, 1, 1, 0, 0, 1]"
960,95,"[1, 0, 0, 1, 0, 1, 1, 0, 0, 1]"
961,95,"[1, 0, 0, 1, 0, 1, 1, 0, 0, 1]"
962,95,"[1, 0, 0, 1, 0, 1, 1, 0, 0, 1]"
963,95,"[1, 0, 0, 1, 0, 1, 1, 0, 0, 1]"
964,95,"[1, 0, 0, 1, 0, 1, 1, 0, 0, 1]"
965,95,"[1, 0, 0, 1, 0, 1, 1, 0, 0, 1]"
966,95,"[1, 0, 0, 1, 0, 1, 1, 0, 0, 1]"
967,95,"[1, 0, 0, 1, 0, 1, 1, 0, 0, 1]"
968,95,"[1, 0, 0, 1, 0, 1, 1, 0, 0, 1]"
969,95,"[1, 0, 0, 1, 0, 1, 1, 0, 0, 1]"
970,95,"[1, 0, 0, 1, 0, 1, 1, 0, 0, 1]"
971,95,"[1, 0, 0, 1, 0, 1, 1, 0, 0, 1]"
972,95,"[1, 0, 0, 1, 0, 1, 1, 0, 0, 1]"
973,95,"[1, 0, 0, 1, 0, 1, 1, 0, 0, 1]"
974,95,"[1, 0, 0, 1, 0, 1, 1, 0, 0, 1]"
975,95,"[1, 0, 0, 1, 0, 1, 1, 0, 0, 1]"
976,95,"[1, 0, 0, 1, 0, 1, 1, 0, 0, 1]"
977,95,"[1, 0, 0, 1, 0, 1, 1, 0, 0, 1]"
978,95,"[1, 0, 0, 1, 0, 1, 1, 0, 0, 1]"
979,95,"[1, 0, 0, 1, 0, 1, 1, 0, 0, 1]"
980,95,"[1, 0, 0, 1, 0, 1, 1, 0, 0, 1]"
981,95,"[1, 0, 0, 1, 0, 1, 1, 0, 0, 1]"
982,95,"[1, 0, 0, 1, 0, 1, 1, 0, 0, 1]"
983,95,"[1, 0, 0, 1, 0, 1, 1, 0, 0, 1]"
984,95,"[1, 0, 0, 1, 0, 1, 1, 0, 0, 1]"
985,95,"[1, 0, 0, 1, 0, 1, 1, 0, 0, 1]"
986,95,"[1, 0, 0, 1, 0, 1, 1, 0, 0, 1]"
987,95,"[1, 0, 0, 1, 0, 1, 1, 0, 0, 1]"
988,95,"[1, 0, 0, 1, 0, 1, 1, 0, 0, 1]"
989,95,"[1, 0, 0, 1, 0, 1, 1, 0, 0, 1]"
990,95,"[1, 0, 0, 1, 0, 1, 1, 0, 0, 1]"
991,95,"[1, 0, 0, 1, 0, 1, 1, 0, 0, 1]"
992,95,"[1, 0, 0, 1, 0, 1, 1, 0, 0, 1]"
993,95,"[1, 0, 0, 1, 0, 1, 1, 0, 0, 1]"
994,95,"[1, 0, 0, 1, 0, 1, 1, 0, 0, 1]"
995,95,"[1, 0, 0, 1, 0, 1, 1, 0, 0, 1]"
996,95,"[1, 0, 0, 1, 0, 1, 1, 0, 0, 1]"
997,95,"[1, 0, 0, 1, 0, 1, 1, 0, 0, 1]"
998,95,"[1, 0, 0, 1, 0, 1, 1, 0, 0, 1]"
999,95,"[1, 0, 0, 1, 0, 1, 1, 0, 0, 1]"
1000,95,"[1, 0, 0, 1, 0, 1, 1, 0, 0, 1]"
